Title,Agency,Description,Who's it for,What it gives,Link,Background Image Link,Scheme Type,search_booster(WL)
Caregiver Training Program,Caregivers Alliance,Provides training to caregivers of persons with mental health issues,Caregivers,Educational programmes for caregivers,https://www.cal.org.sg/caregiver-training,https://chidnast.sirv.com/SchemesSG/CAL.jpg,"Caregiver,Mental Health",Caregivers feeling overwhelmed. Burnout. Elderly parent. Stress. Depressed. Cannot cope anymore.
Caregivers Support Centre,Caregivers Alliance,Provides support to caregivers of persons with mental health issues,Caregivers,Emotional care,https://www.cal.org.sg/caregivers-support-centre,https://chidnast.sirv.com/SchemesSG/CAL.jpg,"Caregiver,Mental Health",Caregivers feeling overwhelmed. Burnout. Elderly parent. Stress. Depressed. Cannot cope anymore.
Family LifeAid,Red Cross Singapore,"Identified households receive food vouchers every month. Households will benefit from supplementary support, such as storytelling, tutoring of young children and helping the seniors with household chores. This will provide the opportunity for the children to advance in life. In addition, periodic reviews and assessments are carried out to monitor improvement or change in the family’s conditions, and to ensure that the dire needs of the families are met with the programme.","Low income,Need food support","Financial assistance,Food,Educational programmes",https://www.redcross.sg/get-assistance/family-lifeaid.html,https://chidnast.sirv.com/SchemesSG/redcross.jpg,"Low Income,Food,Education","My client needs help to get food, meal, hungry, have not eaten for days. Child needs tuition but no money. Need childcare. Elderly need help with household chores."
Food Assistance,A Packet of Rice,A self setup group which distributes meal box to low income needy residents and senior citizens who residing in rented 1 or 2 rooms flats. Operates near the Bukit Merah region.,"Low income,Need food support",Food,https://www.facebook.com/APacketOfRice/,https://chidnast.sirv.com/SchemesSG/apacketofrice.jpg,"Low Income,Food","My client needs help to get food, meal, hungry, have not eaten for days. Child needs food."
Assistance,Filos Community Services,"Bursaries, bread distribution and food rations, groceries and festive goodies, referral and counselling servies.","Low income,Need food support","Food,Counselling",https://www.filos.sg/services-assistance,https://chidnast.sirv.com/SchemesSG/filos.jpg,"Low Income,Food","Need to buy daily necessities, food, have not eaten, hungry, Need befriending, isolation"
Assistance,Yayasan MENDAKI,"Various education subsidies, bursaries, study loans, scholarships, sponsorships and awards.","Low income,Need education assistance,Need food support","Financial assistance,Food,Educational programmes",https://www.mendaki.org.sg/assistance-landing/,https://chidnast.sirv.com/SchemesSG/mendaki.jpg,"Low Income,Education","Preschool, tuition fee, NITEC, polytechnic, Malay Muslim students, university, tertiary, study loan"
Assistance for Kidney Patients,Buddhist Compassion Relief Tzu-Chi Foundation (Singapore),"The programme provides assistance to needy kidney patients regardless of race and religion, and is available to both Singapore Citizens and Permanent Residents. Patients may apply for the assistance through medical social workers, and each case will be assessed by a Tzu Chi home visit team. Tzu Chi also provides transport allowances for patients with mobility problems who are unable to afford the transport costs of travelling between their home and the dialysis centre. Home visit teams will make care visits to beneficiary patients once a month, to monitor their health conditions as well as to give them moral support. Patients who are in need of further financial aid will be referred to the Foundation.",Kidney patients,"Financial assistance for dialysis,Transport subsidy",https://www.tzuchi.org.sg/en/our-missions/charity/assistance-for-kidney-patients/,https://chidnast.sirv.com/SchemesSG/tzuchi.jpg,Healthcare,"dialysis, renal"
Assistive Technology Fund,SGEnable,"Subsidies for persons with disabilities (PWDs) to purchase assistive technology devices to enable independent living.Successful applicants qualify for a means-tested subsidy of up to 90% of the cost of the required equipment, subject to a lifetime cap of $40,000.","PWDs,Caregivers",Financial assistance for assistive technology,https://www.sgenable.sg/pages/content.aspx?path=/schemes/equipment-technology-home-retrofit/assistive-technology-fund/,https://chidnast.sirv.com/SchemesSG/sgenable.jpg,"PWD,Transport,Tech","Need money to buy wheelchair, hearing aid, defribillator, nebuliser"
Baby Bonus Scheme - Cash Gift,Ministry of Social and Family Development (MSF),Cash gift to defray the cost of raising and caregiving for your newborn child during the early years.,New parents,Financial assistance,https://www.babybonus.msf.gov.sg/wp-content/parent/documents/MSF_BabyBonus_Booklet_FA_Highres.pdf,https://chidnast.sirv.com/SchemesSG/msf.jpg,"Family,Childcare,Caregiver","We are new parents, firstborn, child"
"Cancer Care Fund, Welfare Aid Fund, Cancer Treatment Fund",Singapore Cancer Society,"The Cancer Care Fund is a one-time financial assistance scheme to alleviate the financial burden of newly-diagnosed cancer patients from low or middle income families within the first 6 months of diagnosis.The Welfare Aid fund provides temporary financial assistance and/or medical supplies to enhance the well-being of needy cancer patients. Medical supplies include the supply of milk, diapers, medical dressings, stoma bags and other medical equipment. The Cancer Treatment Fund provides financial assistance to needy cancer patients to subsidise part of their cancer treatment costs.","Cancer patients,Caregivers",Financial assistance for cancer patients,https://www.singaporecancersociety.org.sg/get-help/cancer-patient/financial-assistance-schemes/apply-for-financial-assistance.html,https://chidnast.sirv.com/SchemesSG/scs.jpg,Healthcare,"oncologist, radiology"
Car Park Label Scheme For Persons With Physical Disabilities,SGEnable,Car Park Label Scheme provides persons with physical disabilities or their caregivers with access to designated disabled parking spaces so that they can open the vehicle doors fully to board or alight from the vehicle.,"PWDs,Caregivers",Car park label for PWDs,https://www.sgenable.sg/pages/content.aspx?path=/schemes/accessibility/car-park-label-scheme-for-persons-with-physical-disabilities,https://chidnast.sirv.com/SchemesSG/sgenable.jpg,"Elderly,Caregiver,Transport","Caregiver transporting elderly around, need convenient transport."
Care for Family Fund,Action for AIDS (AFA),"Many people who are diagnosed with HIV will lose their jobs. Besides providing support to those directly impacted, we also recognise that support needs to reach caregivers or affected family and loved ones. This is subsidy is disbursed on an annual basis.","HIV patients,Caregivers",Financial assistance for HIV patients,https://afa.org.sg/whatwedo/support/coordinatedcare/financialsupportprogrammes/#toggle-id-4,https://chidnast.sirv.com/SchemesSG/afa.jpg,"Healthcare,Family","Contracted AIDS unable to work, face stigma from AIDS, HIV positive"
Career Matching Services,Workforce Singapore (WSG),"Access to quick career tips, career advice and guidance. MyCareersFuture portal to help you search and apply for jobs that match your skills. Career preparatory workshops, networking sessions and walk-in interviews to improve your job search chances.","Retrenched,In need of employment",Employment assistance,https://www.wsg.gov.sg/career-services.html,https://chidnast.sirv.com/SchemesSG/wsg.jpg,Work,"In need of a job, need to find a job fast. Jobless. Retrenched. Furloughed. Requires skills training."
Caregivers Training Grant (CTG),Agency for Integrated Care (AIC),Helps caregivers defray the cost of attending training to acquire the necessary knowledge and skills for better caregiving,Caregivers,Financial assistance for caregiving training,https://aic.sg/financial-assistance/caregivers-training-grant,https://chidnast.sirv.com/SchemesSG/aic.jpg,"Elderly,Caregiver",Caregivers feeling overwhelmed. Burnout. Elderly parent. Stress. Depressed. Cannot cope anymore. Don't have enough knowledge on caring for elderly parents. Parents dementia. Diabetes. Chronic illnesses
CDAC-SFCCA Hardship Assistance Fund,"Chinese Development Assistance Council (CDAC), Singapore Federation of Chinese Clan Associations (SFCCA)",Short-term financial assistance to individuals who are facing financial hardship.,"Low income,Facing financial hardship,Chinese",Financial assistance,https://www.cdac.org.sg/supporting-families/hardship-assistance-scheme/,https://chidnast.sirv.com/SchemesSG/cdac-sfcca.jpg,Low Income,"Need money for daily needs, low income, poor"
Childcare & Infant Care Subsidy,Early Childhood Development Agency (ECDA),Subsidy to assist with defraying preschool expenses for Singaporean children,Children,Financial assistance for education,https://www.ecda.gov.sg/Pages/Subsidies-and-Financial-Assistance.aspx,https://chidnast.sirv.com/SchemesSG/ecda.jpg,"Caregiver,Childcare","Preschool, school fee, kindergarten, nursery, books"
ComCare Interim Assistance,Ministry of Social and Family Development (MSF),Urgent ComCare Assistance for those requiring immediate help for less than 3 months.,"Low income,Facing financial hardship",Financial assistance,https://www.msf.gov.sg/Comcare/Pages/Urgent-Financial-Assistance.aspx,https://chidnast.sirv.com/SchemesSG/msf.jpg,"Family,Low Income","Need money for daily needs, low income, poor"
ComCare Long Term Assistance,Ministry of Social and Family Development (MSF),Long-term ComCare assistance for those who are permanently unable to work.,"Low income,Unable to work",Financial assistance,https://www.msf.gov.sg/Comcare/Pages/Public-Assistance.aspx,https://chidnast.sirv.com/SchemesSG/msf.jpg,"Family,Low Income","Need money for daily needs, low income, poor"
ComCare Short-To-Medium-Term Assistance,Ministry of Social and Family Development (MSF),"Short to medium term assistance for those unable to find a job or work for a period of time and as a result, household needs financial help for a temporary period.",Low income,Financial assistance,https://www.msf.gov.sg/Comcare/Pages/Short-to-Medium-Term-Assistance.aspx,https://chidnast.sirv.com/SchemesSG/msf.jpg,"Family,Low Income","Need money for daily needs, low income, poor"
Comcare Student Care Fee Assistance (SCFA),Ministry of Social and Family Development (MSF),"Assistance for student are fees, for low-income households with children attending MSF-registered student care centres.","Low income,Households with children attending student care",Financial assistance for student care,https://www.msf.gov.sg/Comcare/Pages/ComCare-Student-Care-Subsidies.aspx,https://chidnast.sirv.com/SchemesSG/msf.jpg,"Low Income,Family,Childcare,Student Care","Need money for childcare, student care, daily needs, low income, poor"
Community Health Assist Scheme,Ministry of Health (MOH),"Enables Singapore Citizens from lower- to middle-income households, and all Pioneers, to receive subsidies for medical & dental care at participating General Practitioners (GP) & dental clinics near their home.","Low income,Families,Elderly",Financial assistance for healthcare,https://chas.moh.gov.sg/Home/Welcome,https://chidnast.sirv.com/SchemesSG/MOH.jpg,"Healthcare,Family,Elderly","Low income, need money to see doctor, private clinic"
Compassion Fund,Compassion Fund Ltd,"Assist students whose families are in crisis, meaning the breadwinner inflicted by illness/met an accident that resulted in a loss of income, and/or death.",Families who have just lost a breadwinner,Financial assistance for families who have lost breadwinner,https://www.cwa.org.sg/get-help/welfare-support,https://chidnast.sirv.com/SchemesSG/compassion.jpg,"Low Income,Loss of Breadwinner","husband passed away, husband died, father passed away, father died, no more breadwinner, sole source of livelihood gone"
Cornerstone Development Initiatives (CDI) Redeemed,Cornerstone Community Services,A transport allowance scheme (for 3 months) aims at helping ex-offenders integrate back into society as they embark on a new job upon release. This scheme is applicable to ex-offenders who have secured employment and application can only be made by their employer.,Ex-offenders,Transport allowance,https://www.cornerstoneservices.org.sg/financial-aid,https://chidnast.sirv.com/SchemesSG/cornerstone.jpg,Transport,"Ex offenders, ex convict, ex-convict, yellow ribbon, transport allowance"
Cornerstone Development Initiatives (CDI) School Allowance,Cornerstone Community Services,A financial assistance scheme developed to give every child an opportunity to complete their foundational education despite their family circumstances. It is offered to Primary and Secondary students from low income families.,"Low income families,Children from low income families",Financial assistance for education,https://www.cornerstoneservices.org.sg/financial-aid,https://chidnast.sirv.com/SchemesSG/cornerstone.jpg,Education,"Bursary, school fee, pocket money, books"
COVID 19 related support,Support Go Where,Key government resource on COVID-19 related assistance.,In need of support from COVID-19,COVID-19 support,https://www.supportgowhere.gov.sg/schemes/?lang=english,https://chidnast.sirv.com/SchemesSG/supportgowhere.jpg,COVID-19,Pandemic
COVID-19 - Family Assistance Fund,Beyond Social Services,Covid 19 Family Assistance Fund Fund will go towards the families whose household income and employment have been affected by the crisis. We disburse it in the form of cash and food vouchers.,Low income,"Financial assistance,COVID-19 support",https://www.beyond.org.sg/faf-faq/,https://chidnast.sirv.com/SchemesSG/beyond.jpg,"Low Income,COVID-19,Food","Need money for daily needs, low income, poor, lost job, retrenched COVID"
CPF Housing Grants for DBSS Flats,"Housing and Development Board (HDB), Central Provident Fund (CPF)","A suite of grants available for the Design, Build and Sell (DBSS) scheme",In need of mortgage assistance,Mortgage assistance,https://www.hdb.gov.sg/cs/infoweb/residential/buying-a-flat/new/schemes-and-grants/cpf-housing-grants-for-dbss-flats,https://chidnast.sirv.com/SchemesSG/hdb-cpf.jpg,Housing,"HDB grants, HDB flat, home owner, BTO, mortgage"
CPF Housing Grants for Executive Condominiums (Ecs),"Housing and Development Board (HDB), Central Provident Fund (CPF)",A suite of grants available for Executive Condominiums (ECs).,In need of mortgage assistance,Mortgage assistance,https://www.hdb.gov.sg/cs/infoweb/residential/buying-a-flat/new/schemes-and-grants/cpf-housing-grants-for-ecs,https://chidnast.sirv.com/SchemesSG/hdb-cpf.jpg,Housing,"HDB grants, condo, condominium, mortgage"
CPF Housing Grants for HDB Flats,"Housing and Development Board (HDB), Central Provident Fund (CPF)","On top of the subsidised purchase prices for new HDB flats, eligible buyers can also receive further subsidies in the form of CPF Housing Grants of up to $80,000.",In need of mortgage assistance,Mortgage assistance,https://www.hdb.gov.sg/cs/infoweb/residential/buying-a-flat/new/schemes-and-grants/cpf-housing-grants-for-hdb-flats,https://chidnast.sirv.com/SchemesSG/hdb-cpf.jpg,Housing,"HDB grants, HDB flat, home owner, BTO, mortgage"
Deferred Downpayment Scheme,Housing and Development Board (HDB),"The Deferred Downpayment Scheme (DDS) enables elderly who are right-sizing to defer the payment of downpayment until key collection. This will help to ease the cash flow for elderly flat owners whose funds are tied up in their existing flat, and smoothen the right-sizing process.",In need of mortgage assistance,Mortgage assistance,https://www.hdb.gov.sg/residential/living-in-an-hdb-flat/for-our-seniors/deferred-downpayment-scheme,https://chidnast.sirv.com/SchemesSG/hdb.jpg,Housing,"Downsizing, reverse mortage"
Developmental Disabilities Registry Identity (DDRID) Card,SGEnable,"The DDRID card offers a benefits scheme that provides cardholders with discounted rates for services and access to various facilities. Cardholders can also enjoy discounted rates for products, services and access to facilities offered by participating companies",PWDs,Benefits like discounted rates and access to facilities for PWDs,https://www.sgenable.sg/pages/content.aspx?path=/Schemes/Developmental-Disabilities-Registry+/,https://chidnast.sirv.com/SchemesSG/sgenable.jpg,PWD,"Discounts, disabled, PWD, persons with disabily"
Dialysis Financial Assistance Scheme,Muslim Kidney Action Association,"Dialysis Financial Assistance Scheme (“DFAS”) is a subsidy scheme to provide financial support for qualified MKAC patients, where funds are provided as assistance in meeting the cost of dialysis and related medication.",Kidney patients,Financial assistance for dialysis,https://www.mkac.sg/our-programmes/financial-assistance-scheme/,https://chidnast.sirv.com/SchemesSG/mkac.jpg,"PWD,Transport",Kidney
Disabled Persons Scheme,SGEnable,Waiver of Additional Registration Fee (ARF) and Certificate of Entitlement (COE) for persons with permanent physical disabilities who are medically certified as unable to take public transport (i.e. bus and/or MRT) and who require a vehicle to earn a living.,PWDs,Transport perks for PWDs,https://www.sgenable.sg/pages/content.aspx?path=/schemes/transport/disabled-persons-scheme/,https://chidnast.sirv.com/SchemesSG/sgenable.jpg,Healthcare,"Disabled, need to drive Grab, vehicle expensive, car COE too high, cannot take public transport"
ElderFund,"Ministry of Health (MOH), Central Provident Fund (CPF), Agency for Integrated Care (AIC)","ElderFund is a discretionary assistance scheme launched on 31 January 2020. It is targeted at severely disabled lower-income Singapore Citizens aged 30 and older, who are not able to benefit from CareShield Life, ElderShield, and the Interim Disability Assistance Programme for the Elderly (IDAPE), and have low MediSave balances and inadequate personal savings to meet their long-term care needs. Eligible Singapore Citizens can receive up to $250 cash per month for as long as they remain eligible, and meet the terms and conditions needed for receipt of payment.",Low income elderly,Healthcare assistance,https://www.aic.sg/financial-assistance/elderfund,https://chidnast.sirv.com/SchemesSG/aic.jpg,Healthcare,"Low income, need help with daily activities"
Enable IT Programme,Infocomm Media Development Authority (IMDA),The Enable IT Programme aims to build an inclusive society and enable Persons with Disabilities (PWDs) through adoption of Infocomm and Assistive Technologies (IT/AT) to enhance their abilities and skillsets required for independent living.,PWDs,Assistive technology assistance for PWDs,https://www.imda.gov.sg/programme-listing/enable-it,https://chidnast.sirv.com/SchemesSG/imda.jpg,PWD,"Need tablet, mobile device. Physically disabled."
Enhanced Pilot for Private Intervention Providers,SGEnable,Subsidy scheme that offers more choices of early intervention programmes for children who have been referred for the Early Intervention Programme for Infants and Children (EIPIC). Parents who choose to enroll their children in selected Private Intervention Centres (PIC)s will receive subsidies that will help defray the enrolment costs.,Special needs children,Educational intervention for special needs children,https://www.sgenable.sg/pages/content.aspx?path=/schemes/intervention-programmes/enhanced-pilot-for-private-intervention-providers/,https://chidnast.sirv.com/SchemesSG/sgenable.jpg,"PWD,Childcare","Subsidy for special needs education, special needs intervention, autism, down's syndrome"
Enhanced Screen for Life,Ministry of Health (MOH),"Screen for Life (SFL) is a national screening programme that offers eligible Singapore Citizens and Permanent Residents (PRs) subsidised screenings, recommended based on age and gender.","Elderly,Families",Screening,https://www.moh.gov.sg/cost-financing/healthcare-schemes-subsidies/enhanced-screen-for-life,https://chidnast.sirv.com/SchemesSG/MOH.jpg,Healthcare,"Cannot afford health checkup, need early screening to detect diseases, chronic diseases"
Enhancement for Active Seniors (EASE),Housing and Development Board (HDB),"Improvement items installed in your flat through EASE can make it more elderly-friendly, and improve mobility and comfort for elderly residents.",Elderly,Retrofitting of flats to improve mobility for elderly,https://www.hdb.gov.sg/residential/living-in-an-hdb-flat/for-our-seniors/ease,https://chidnast.sirv.com/SchemesSG/hdb.jpg,"Housing,Elderly","Grab bars, non ambulant elderly, non slip floor tiles, retrofitting, safer for old people, fall proofing"
FaithActs Bursary Award,FaithActs,"Provide financial assistance to students from low-income families to purchase educational materials, complement the MOE FAS, and motivate beneficiary of the award.",Children from low income families,Financial assistance for education,https://www.faithacts.org.sg/services/community-care/bursary-awards,https://chidnast.sirv.com/SchemesSG/faithacts.jpg,"Low Income,Education","School fees, students, buy books, bursary for primary scecondary school"
Tuition,FaithActs,Free tuition to youth-at-risk,"Youth-at-risk,Children from low income families","Tuition,Educational programmes for youth-at-risk",https://www.faithacts.org.sg/services/children-and-youth/tuition,https://chidnast.sirv.com/SchemesSG/faithacts.jpg,"Low Income,Education","Free tuition, need tuition, education, no money for school"
Family Development Programme,Methodist Welfare Services (MWS),"Monthly financial assistance to help families cope with the cost of daily living expenses, children’s educational expenses and milk powder supplements. Debt Clearance and Savings Matching Schemes to help families get out of debt","Low income families,In debt","Financial assistance for daily living,Debt assistance",https://mws.sg/centre-location/mws-family-development-programme/,https://chidnast.sirv.com/SchemesSG/mws.jpg,"Low Income,Family","Borrowed from loan shark, unable to return, credit card debt, bankrupt"
Financial and Food Rations assistance (Temporary),Bethel Social Services | Bethel Community Services,To provide temporary aid to individuals and/or families who are residing near Eastern Singapore. Free monthly haircut service on every last Friday of the month and Traditional Chinese Medicine (TCM) Services for the those in the community.,"Low income,Low income families","Financial assistance for daily living,Free TCM,Free haircut",https://www.bethelcs.org.sg/services/bethel-social-services/,https://chidnast.sirv.com/SchemesSG/bethelcs.jpg,"Low Income,Food","Looking for free TCM, money to tide over difficulties, money for daily needs"
Financial Assistance,Ain Society,"Our financial assistance schemes help to alleviate the financial burdens of affected families, to ensure patients’ adherence to medical treatments and to acquire the intended consumables.",Low income families,Financial assistance for daily living,https://www.ainsociety.org.sg/serenity-cancer-care/social-support/financial-assistance/,https://chidnast.sirv.com/SchemesSG/ain.jpg,"Low Income,Family,Healthcare","Need money to tide over difficulties, money for daily needs"
Financial Assistance,Dyslexia Association of Singapore (DAS),"Financial assistance for psychological assessments, literacy and special education for dyslexic children.","Special needs children,Dyslexic children","Financial assistance for education,Educational programmes",https://www.das.org.sg/services/assessments/financial-assistance.html#bursary-for-ses-programmes,https://chidnast.sirv.com/SchemesSG/DAS.jpg,"Education,Special Needs","Special needs children, dyslexia, reading, learning difficulty"
Financial Assistance,365 Cancer Prevention Society (365CPS),"Cancer treatment can place a heavy financial burden on patients and their family members. Besides being a place where one can find emotional support and be educated on how to improve one’s health and immunity, 365CPS also provides aid to low-income cancer patients to help meet their daily needs.",Cancer patients,Financial assistance for cancer treatment,https://365cps.org.sg/portfolio/financial-support/,https://chidnast.sirv.com/SchemesSG/365cps.jpg,"Low Income,Healthcare","See doctor, cancer, oncology"
Financial Assistance,Muslimin Trust Fund Association,Bi-monthly Zakat distribution through monetary and food items disbursements. Fidyah funds are distributed in the form of food packages. Food packages are customized to suit the dietary needs of the chronically ill and elderly recipients.,Low income families,"Financial assistance for daily living,Food",https://www.mtfa.org/,https://chidnast.sirv.com/SchemesSG/mtfa.jpg,"Low Income,Food","Hungry, have not eaten, food"
Financial Assistance,The Breadline Group,"Every month, our volunteers visit each “adopted” family, talking to them and finding out how they fare, providing food provisions and/or cash to supplement whatever public assistance they may be receiving.",Low income families,"Financial assistance for daily living,Food",https://breadlinegroup.org/publications/aid-application-form/,https://chidnast.sirv.com/SchemesSG/breadline.jpg,"Low Income,Food","Need befriending, food, hungry, have not eaten, low income, poor"
Financial Assistance,Bethesda Care Services,"We offer short-term financial assistance to the residents of Hougang, Sengkang and Punggol who are in need of help.",Low income families,Financial assistance for daily living,https://www.bcare.org.sg/our-services/social-service/financial-assistance/,https://chidnast.sirv.com/SchemesSG/bethesda.jpg,Low Income,"Money for daily needs, low income, poor"
Financial Assistance and Food on the Table Program,Sikh Welfare Council,The objective of the Financial Assistance & Food on the Table Program is to provide support to Singaporean families in need for financial or other type of assistance.,Low income families,Food,https://www.siwec.org/our-services/family-support-services/financial-assistance-food-on-the-table,https://chidnast.sirv.com/SchemesSG/siwec.jpg,"Low Income,Food","financial, food ration, hungry, have not eaten for days, no food"
Financial Assistance Measures,Housing and Development Board (HDB),"As a safety net, we have Financial Assistance Measures (FAM) in place for flat owners who face difficulties paying the monthly instalments of their HDB housing loan.","Low income families,In need of mortage support",Mortgage assistance,https://www.hdb.gov.sg/residential/servicing-your-hdb-housing-loan/loan-matters/financial-assistance-measures,https://chidnast.sirv.com/SchemesSG/hdb.jpg,Housing,"Cannot afford mortgage, difficulty paying for flat, cannot afford housing downpayment, retrenched, homeowner"
Financial Assistance Schemes & Food Vouchers,Eurasian Association Singapore,"Provides information and referrals to social welfare agencies and schemes available in Singapore and assists with employment, training and re-training. Also has its own financial assistance and food vouchers, as well as further help to settle one-off payments.",Low income families,"Financial assistance for daily needs,Food vouchers",https://www.eurasians.sg/family-support/,https://chidnast.sirv.com/SchemesSG/EAS.jpg,"Low Income,Food","Need to know where to apply for financial assistance, poor, low income, need money to buy daily needs, food, hungry"
Financial Asssistance,Children's Cancer Foundation,"CCF Financial Assistance (FA) scheme aims to help families who are facing financial hardship when their child is diagnosed with cancer. Families may face hefty medical expenses as well as new expenses arising from caring for their child. CCF helps to ease the financial burden by providing financial counselling and assistance in cash or in-kind to needy families of children with cancer, as well as connecting them to other relevant resources.","Caregivers,Cancer patients",Financial assistance for cancer patients,https://www.ccf.org.sg/programmes-and-services/core-services/financial-assistance/,https://chidnast.sirv.com/SchemesSG/ccf.jpg,"Low Income,Healthcare",take care of child with cancer
Financial Support,En Community Services Society,"Basic assistance and casework management. Food Pack Ration Assistance, Referral Services, Basic Finance Counselling, Food Vouchers, Workshop.","Low income,Need food support","Financial Assistance,Food,Counselling,Referral",https://www.ecss.org.sg/our-services/care-and-counselling/financial-assistance,https://chidnast.sirv.com/SchemesSG/ECSS.jpg,"Low Income,Food","Need money to tide over difficulties, money for daily needs, food, hungry, have not eaten, poor, low income, rations"
Food Assistance,Food From The Heart,"Food from the Heart reaches out to less-privileged individuals and families through a food distribution programe, distributing surplus bread and non-perishable food items. We also bring joy through the distribution of toys and birthday celebrations.","Low income,Need food support",Food,https://www.foodfromtheheart.sg/faq/,https://chidnast.sirv.com/SchemesSG/foodfromtheheart.jpg,"Low Income,Food","Need money to tide over difficulties, money for daily needs, food, hungry, have not eaten, poor, low income, rations"
Food Care Programme,Cornerstone Community Services,Food Care Programme provides food and daily necessities to households with financial difficulties through our befriending volunteers,Need food support,"Food,Befriending",https://www.cornerstoneservices.org.sg/financial-aid,https://chidnast.sirv.com/SchemesSG/cornerstone.jpg,"Low Income,Food","Need money to tide over difficulties, money for daily needs, food, hungry, have not eaten, poor, low income, rations"
Food Relief Programme,Catholic Welfare Services,"CWS provides supermarket vounchers every quarter to the beneficiaries of the programme. Cash grants, also part of the programme, are given out half-yearly. At headquarters, a small stock of dry food items are maintained and given to the needy who approach us for direct assistance.","Low income,Need food support","Food,Financial assistance",https://www.catholicwelfare.org.sg/foodrelief.html,https://chidnast.sirv.com/SchemesSG/cws.jpg,"Low Income,Food","Need money to tide over difficulties, money for daily needs, food, hungry, have not eaten, poor, low income, rations"
Foreign Domestic Worker (FDW) Levy Concession For Persons With Disabilities,Agency for Integrated Care (AIC),Lower monthly foreign domestic worker (FDW) levy of $60 (instead of $300).,Caregivers,Subisdy for FDW employment,https://www.aic.sg/financial-assistance/foreign-domestic-worker-levy-concession,https://chidnast.sirv.com/SchemesSG/aic.jpg,"Family,Elderly,Caregiver","Hire helper for caregiving, take care of elderly need helper, domestic worker, someone to help elderly with household chores, maid"
Fresh Start Housing Scheme,Housing and Development Board (HDB),"The Fresh Start Housing Scheme (Fresh Start) aims to help second-timer (ST)1 families with young children, who are currently living in public rental flats. It assists them in owning a 2-room Flexi flat by integrating financial assistance with personal responsibility and social support.",Low income families,"Financial assistance,Housing assistance",https://www.hdb.gov.sg/cs/infoweb/residential/buying-a-flat/new/schemes-and-grants/fresh-start-housing-scheme,https://chidnast.sirv.com/SchemesSG/hdb.jpg,Housing,"Need money to tide over difficulties, money for daily needs, family and children, HDB, poor"
Haw Par Para Sports Bursary,Singapore Disability Sports Council (SDSC),"The Haw Par Para Sports Bursary aims to support deserving Persons with Disabilities (PwD) from disadvantaged backgrounds to shine in sports. An estimate of 20 bursaries would be given out each year, ranging between values of $900 and $1,800, to help cope with sport-related expenses that are not supported or subsidised by other funding channels.",PWDs,Financial assistance for education,https://sdsc.org.sg/financial-support-schemes/#1542269670565-a1db8f48-e52a,https://chidnast.sirv.com/SchemesSG/sdsc.jpg,"PWD,Education","Disabled, paralympian, study, scholarship, bursary, education"
Heart Support Fund,Singapore Heart Foundation,Singapore Heart Foundation provides financial assistance to needy heart patients through the Heart Support Fund.,Heart patients,Financial assistance for heart patients,https://www.myheart.org.sg/programmes/cardiac-rehabilitation-and-heart-wellness/heart-support-fund/,https://chidnast.sirv.com/SchemesSG/shf.jpg,"Low Income,Healthcare,Loss of Breadwinner","Heart disease, stroke, coronary patients"
Hematopoietic Progenitor Cells (HPC) Procurement Subsidy Scheme,Bone Marrow Donor Programme (BMDP),Subsidies to offset Hematopoietic Progenitor Cells (HPC) product cost and associated hospitalisation costs.,Leukaemia patients,Financial assistance for leukaemia patients,https://bmdp.org/patient-subsidies,https://chidnast.sirv.com/SchemesSG/BMDP.jpg,Healthcare,"Bone marrow, leukaemia, leukemia"
HIV+ Pregnant Mothers' Fund,Action for AIDS (AFA),"Assistance for HIV positive mothers who cannot afford anti-HIV treatment, in order to prevent transmission of HIV to their baby.",HIV patients,Financial assistance for HIV patients,https://afa.org.sg/whatwedo/support/coordinatedcare/financialsupportprogrammes/#toggle-id-3,https://chidnast.sirv.com/SchemesSG/afa.jpg,"Healthcare,Family","AIDS, HIV, HIV positive, medicine"
Home Access Programme,Infocomm Media Development Authority (IMDA),"Home Access provides eligible Singaporean families with 2 years of subsidised fibre broadband connectivity. Families without full-time student may choose to bundle the broadband, with a tablet or smartphone.",Low Income families,Broadband internet support,https://www.imda.gov.sg/programme-listing/home-access,https://chidnast.sirv.com/SchemesSG/imda.jpg,"Tech,Family","Need money for broadband, children need internet to study, cannot afford internet"
Home Caregiving Grant (HCG),Agency for Integrated Care (AIC),"Monthly grant payment of $200 to defray the costs of caregiving expenses, such as the cost of caregiver support services in the community, or hiring of a Foreign Domestic Worker (FDW).",Caregivers,Financial assistance for caregiving,https://www.aic.sg/financial-assistance/home-caregiving-grant,https://chidnast.sirv.com/SchemesSG/aic.jpg,"Family,Elderly,Caregiver","Hire helper for caregiving, take care of elderly need helper, domestic worker, someone to help elderly with household chores, maid"
Home Ownership Plus Education (HOPE) Scheme,Ministry of Social and Family Development (MSF),"Assistance for young, low-income parent(s) who choose to keep their family small so that they can focus their resources on giving their children a head start, and improve their financial and social situation. Includes grants and support for training, employment, utilities, housing, bursaries, mentoring and family support",Low income families,"Financial assistance for daily expenses,Financial assistance for education,Employment assistance",https://www.msf.gov.sg/assistance/Pages/Home-Ownership-Plus-Education-HOPE-Scheme.aspx,https://chidnast.sirv.com/SchemesSG/msf.jpg,"Family,Low Income,Education,Housing","Family planning, low income, no money for food, daily needs, big family"
iNSPIRE Fund,Infocomm Media Development Authority (IMDA),"The iNSPIRE Fund scheme offers financial assistance to full-time students (aged 25 and below) who are unable to co-pay for their PC-Bundle. Successful applicants will render between 3 to 12 hours of community service*, depending on the type of computer model selected, to receive a fully-paid desktop/laptop.","Students,Low income families",Subsidy for computers,https://www.imda.gov.sg/programme-listing/neu-pc-plus/inspire-fund,https://chidnast.sirv.com/SchemesSG/imda.jpg,"Family,Low Income","Cannot afford to buy laptop, need laptop and computer for school"
Interim Disability Assistance Programme for the Elderly (IDAPE),Ministry of Health (MOH),Financial help to needy and disabled elderly Singaporeans who were not eligible to join ElderShield when it was launched in 2002 because they had exceeded the maximum entry age or had pre-existing disabilities.,"Elderly,Low income",Financial assistance for elderly with disabilities,https://www.moh.gov.sg/cost-financing/healthcare-schemes-subsidies/interim-disability-assistance-programme-for-the-elderly,https://chidnast.sirv.com/SchemesSG/MOH.jpg,Healthcare,"Chronic, poor, elderly cannot work due to health, cannot move"
Kindergarten Fee Assistance Scheme (KiFAS),Early Childhood Development Agency (ECDA),Means-tested subsidy ranging $21 to $170 to assist with kindergarten fees for low- and middle-income families,Children from low income families,Financial assistance for kindergarten fees,https://www.ecda.gov.sg/Pages/Subsidies-and-Financial-Assistance.aspx,https://chidnast.sirv.com/SchemesSG/ecda.jpg,"Caregiver,Childcare","Kindergarten fees, preschool, need money for school fees, nursery"
Kindergarten Fee Assistance Scheme (KiFAS) Start-Up Grant,Early Childhood Development Agency (ECDA),"Yearly grant provided to cover initial costs of enrolling the child in a kindergarten, such as the registration fee, deposit, school uniform, insurance, education material fee and supplementary fee.",Children from low income families,Financial assistance for kindergarten fees,https://www.ecda.gov.sg/Pages/Subsidies-and-Financial-Assistance.aspx,https://chidnast.sirv.com/SchemesSG/ecda.jpg,"Caregiver,Childcare","Kindergarten fees, preschool, need money for school fees, nursery, childcare"
LBKM Bursaries,Lembaga Biasiswa Kenangan Maulud (LBKM),Various education bursaries for primary to post-graduate degree study,"Students,Malay Muslim",Financial assistance for education,http://lbkm.org.sg/bursary-scholarship/lbkm-bursaries/,https://chidnast.sirv.com/SchemesSG/lbkm.jpg,Education,"Bursary, scholarship, madrasah"
Lease Buyback Scheme,Housing and Development Board (HDB),"Through the Lease Buyback Scheme (LBS), you will be able to monetise your flat to receive a stream of income in your retirement years, while continuing to live in it.",Elderly,Monetising flat for retirement income,https://www.hdb.gov.sg/residential/living-in-an-hdb-flat/for-our-seniors/monetising-your-flat-for-retirement/lease-buyback-scheme,https://chidnast.sirv.com/SchemesSG/hdb.jpg,Housing,"Retirement, reverse mortgage, old age, money for retirement, money for old age"
Linkage to Care,Action for AIDS (AFA),"We will subsidise your first visit to Tan Tock Seng Hospital’s National Centre for Infectious Diseases (TTSH/NCID), Singapore General Hospital (SGH), National University Hospital (NUH) & Changi General Hospital (CGH), up to a maximum of $200. This will help to cover the major portion of the cost of laboratory tests and consultation charges on your first visit.",HIV patients,Financial assistance for HIV patients,https://afa.org.sg/whatwedo/support/coordinatedcare/financialsupportprogrammes/#toggle-id-1,https://chidnast.sirv.com/SchemesSG/afa.jpg,Healthcare,"Hospitalisation fees, healthcare subsidy, see doctor no money"
Long / Short Term Aid,Buddhist Compassion Relief Tzu-Chi Foundation (Singapore),"Assistance for living expenses, medical assistance, education grants, regular care visits, etc. The various types of assistance are provided in accordance with each household’s pressing needs, which are determined based on quarterly needs assessments and monthly visits conducted by volunteers.","Low income,Low income families,Elderly,Children from low income families","Financial assistance for daily expenses,Financial assistance for education,Befriending",https://www.tzuchi.org.sg/en/our-missions/charity/long-short-term-aid/,https://chidnast.sirv.com/SchemesSG/tzuchi.jpg,Healthcare,"Financial assistance, money for daily expenses, household needs, befriending"
Matched Retirement Savings Scheme,Central Provident Fund (CPF),"Implemented in 2021 to help senior Singaporeans, with Retirement Account savings less than the current Basic Retirement Sum (BRS), build their CPF retirement savings for higher monthly payouts in retirement. Under the scheme, the Government will match every dollar of cash top-ups made to the Retirement Account of eligible members up to an annual cap of $600.",Caregivers,Matching contributions for retirement security,https://www.cpf.gov.sg/Members/FAQ/schemes/retirement/matched-retirement-savings-scheme,https://chidnast.sirv.com/SchemesSG/cpf.jpg,Family,"Retirement, income security, old age"
Matthew 25 Soup Kitchen,Church of the Nativity,Free meals - Operates 6 days a week (excluding Sundays and Public holidays). All are welcome.,Need food support,Food,http://www.nativity.sg/index.php/pastoral/soup,https://chidnast.sirv.com/SchemesSG/nativity.jpg,Low Income,"Food, hungry, have not eaten, rations, Nothing to eat, famished, no money, no money to buy food, no money for daily needs"
Medical Fee Exemption Card,"Ministry of Social and Family Development (MSF), Ministry of Health (MOH), Agency for Integrated Care (AIC)","Covers standard medical and hospitalisation treatments at public healthcare institutions (including polyclinics) and intermediate and long-term care (ILTC) institutions for needy residents of MOH-funded nursing homes, or MSF-funded sheltered and disability homes.","Elderly,Need ILTC services",Exemption from medical fee for certain healthcare services,https://www.msf.gov.sg/assistance/Pages/Medical-Fee-Exemption-Card.aspx,https://chidnast.sirv.com/SchemesSG/moh%20msf%20aic.jpg,"Healthcare,Low Income,Family,Caregiver","Poor, no money to see doctor, healthcare subsidy, can't afford medical fees"
Medical Service,Singapore Buddhist Free Clinic,Singapore Buddhist Free Clinic provides the general public with outpatient consultation in Traditional Chinese medicine (TCM) including acupuncture.,General public,Free TCM,https://www.sbfc.org.sg/medical-service,https://chidnast.sirv.com/SchemesSG/sg-buddhist-free-clinic.jpg,Healthcare,"Poor, no money to see doctor, healthcare subsidy, can't afford medical fees, free healthcare"
Medicine Subsidies for HIV/AIDS Sufferers,Buddhist Compassion Relief Tzu-Chi Foundation (Singapore),"Tzu Chi established cooperation with Communicable Disease Centre (CDC), to assist impoverished AIDS/HIV sufferers with the costs of their expensive medications. For each referral case, a home visit team will personally visit the patient to make an assessment, and eligible cases will receive medicine subsidies ranging from $100 to $1,500 from the Foundation.",HIV patients,Financial assistance for HIV patients,https://www.tzuchi.org.sg/en/our-missions/charity/medicine-subsidies-for-hiv-aids-sufferers/,https://chidnast.sirv.com/SchemesSG/tzuchi.jpg,Healthcare,HIV and AIDS patients
Medisave Care,Central Provident Fund (CPF),"After setting aside a minimum amount to ensure adequacy for other medical expenses, severely disabled Singapore Citizens and Permanent Residents will be able to withdraw up to a total of $200/month from their own and/or their spouse’s MediSave account for long term care",Severely disabled,Regulatory waiver to allow supplementing healthcare fees with Medisave,https://www.cpf.gov.sg/members/FAQ/schemes/healthcare/medisave/FAQDetails?category=healthcare&group=MediSave&ajfaqid=4651197&folderid=12909,https://chidnast.sirv.com/SchemesSG/cpf.jpg,Healthcare,"Poor, no money to see doctor, healthcare subsidy, can't afford medical fees, free healthcare"
Merdeka Generation Package,Ministry of Health (MOH),"Passion Silver card top-up, additional subsidies for outpatient care, MediSave top-ups, additional MediShield Life premium subsidies, additional CareShield Life participation incentive",Elderly,Financial assistance for healthcare,https://www.moh.gov.sg/cost-financing/healthcare-schemes-subsidies/merdeka-generation-package,https://chidnast.sirv.com/SchemesSG/MOH.jpg,Healthcare,"Poor, no money to see doctor, healthcare subsidy, can't afford medical fees, free healthcare"
Ministry of Education – Financial Assistance Scheme (MOE-FAS),Ministry of Education (MOE),"Help needy Singaporean families reduce their burden in meeting essential school fees, expenses and to ensure that no child will be denied an education due to financial reasons.",Children from low income families,Financial assistance for education,https://beta.moe.gov.sg/fees-assistance-awards-scholarships/financial-assistance/,https://chidnast.sirv.com/SchemesSG/moe.jpg,"Low Income,Education","School fees, students, child, children, study, buy books, bursary, young kids"
Mobile Access for Seniors,Infocomm Media Development Authority (IMDA),"Mobile Access for Seniors is a scheme that supports the Seniors Go Digital programme. It provides subsidised smartphone and mobile plan to lower-income seniors who want to go digital, but cannot afford them.","Low income,Elderly",Technology assistance for low income elderly,https://www.imda.gov.sg/programme-listing/Mobile-Access-for-Seniors,https://chidnast.sirv.com/SchemesSG/imda.jpg,"Elderly,Tech","Elderly, computer"
Muis Monthly Zakat Financial Assistance,Majlis Ugama Islam Singapura (MUIS),Muis works in partnership with appointed Social Development (SD) mosques to provide basic services and support programmes meant for the poor and needy (asnaf fakir and miskin).,"Low income,Low income families","Financial assistance for daily living,Debt settlement services,Emergency assistance,Burial expenses",https://www.muis.gov.sg/Zakat/Financial-Assistance/Zakat-Assistance-Schemes-and-Programmes,https://chidnast.sirv.com/SchemesSG/muis.jpg,"Low Income,Family","Financial assistance, poor, low income, need money to buy daily needs, food, hungry, Malay Muslim"
MUIS Special Needs Trust Scheme,Majlis Ugama Islam Singapura (MUIS),"Eligible families with PSNs will receive support to set up a trust with SNTC, thus safeguarding the well-being and long term needs of their loved ones when there is no longer a caregiver for them.","Muslim community,Special needs children,Parents","Support in setting up a trust,Support in legacy planning",https://www.muis.gov.sg/Our-Services/Financial-Schemes/Muis-Special-Needs-Trust-Scheme,https://chidnast.sirv.com/SchemesSG/muis.jpg,"Special Needs,Loss of Breadwinner","Special needs, legacy planning, trust fund, caregiving, after she's gone, after he's gone, caregiver passed away, take care of him when no longer around, take care of her when no longer around"
Mutual Help and Care,Bo Tien Welfare Services Society,The food ration programme is tasked as additional tier assistance to the destitute and needy families with the referral from Community Development Council. The distribution also extended to the elderly who are on Work Transition Support Scheme or with multiple financial difficulties reviewed by Community Development Council.,"Low income,Low income families,Need food support",Food,http://www.botien.org.sg/new_09/mutual-help-n-care.php?pid=0,https://chidnast.sirv.com/SchemesSG/Bo%20Tien.jpg,"Low Income,Food","Food, hungry, have not eaten, rations"
Neighbourhood Assistance Fund (NAF),Bless Community Services,"The Neighbourhood Assistance Fund seeks to provide emergency relief or short term assistance to individuals and families who face an unexpected hardship (unexpected loss of job, retrenchment etc), causing a significant impact on their household income by assisting with daily needs. Emergency Relief Assistance is meant to meet basic necessities such as food, groceries, transport and other daily expenses only. Short Term Relief Assistance is meant to tide an individual or family over some time while longer term assistance at a Social Service Office or at another agency is pending approval.","Low income,Low income families,Retrenched",Financial assistance for daily living,https://www.bless.org.sg/our-services/community-connect/neighbourhood-assistance-fund/,https://chidnast.sirv.com/SchemesSG/bless.jpg,"Low Income,Food","Poor, need money to tide over difficulties, money for daily needs, retrenched, daily living expenses, low income, bridging"
NEU PC Plus,Infocomm Media Development Authority (IMDA),"The NEU PC Plus programme supports low-income households with school-going children or persons with disabilities (“PWDs”) with broadband access and computer ownership. Eligible beneficiaries are provided a Personal Computer (“PC”) bundle comprising a subsidised PC and three years free broadband subscription, from $224.97 (inclusive of GST). Students who are unable to co-pay for the PC can be further supported through the iNSPIRE Fund","Low income,Family",Computer for children from low-income households,https://www.imda.gov.sg/programme-listing/neu-pc-plus,https://chidnast.sirv.com/SchemesSG/imda.jpg,"Tech,Education,Low Income","Children, disabled, schoolchildren, need computer for school, no money to buy laptop, computer, schooling supplies"
Paddy Chew Patient Welfare Fund,Action for AIDS (AFA),AFA’s longest-running medications subsidy to provide critical and timely financial support to lower the cost of medication. Anti-retroviral medications are not classified as standard drugs in Singapore and the financial burden can deter adherence to treatment.,HIV patients,Financial assistance for HIV patients,https://afa.org.sg/whatwedo/support/coordinatedcare/financialsupportprogrammes/#toggle-id-2,https://chidnast.sirv.com/SchemesSG/afa.jpg,Healthcare,"HIV and AIDS patients, HIV positive, AIDS treatment, no money to see doctor"
Patient Subsidy Fund,Bone Marrow Donor Programme (BMDP),"Support costs associated with Matched Unrelated Donor (MUD) Hematopoietic Stem Cell Transplants as well as Post-Transplant expenses for patients. The Patient Subsidy Fund will be part of a range of subsidy schemes by the BMDP, aimed to alleviate patients’ treatment costs and support them through post-transplant expenditures.",Leukaemia patients,Financial assistance for bone marrow transplant costs,https://bmdp.org/patient-subsidies,https://chidnast.sirv.com/SchemesSG/BMDP.jpg,Healthcare,"Leukemia, leukaemia, no money for leukemia treatment"
Persons with Disabilities Concession Card,SGEnable,"Travel concession card for PWDs. Grants 25% discount or more off adult fares for all basic bus and train services fares, no additional fares for distances beyond 7.2km. Option to purchase a Hybrid Concession Pass (HCP) with unlimited rides on basic bus services and trains at $60 per month",PWDs,Transport assistance for PWDs,https://www.sgenable.sg/pages/content.aspx?path=/schemes/transport/public-transport-concession-scheme-for-persons-with-disabilities/,https://chidnast.sirv.com/SchemesSG/sgenable.jpg,"PWD,Transport","Disabled, travelling, travel, transport, special needs"
Pioneer Generation Package,Ministry of Health (MOH),"Subsidies for outpatient care, MediShield Life premiums, MediSave top-ups annually for life and life-long cash assistance of $100 each month from the Pioneer Disability Assistance Scheme for those who qualify.",Elderly,Financial assistance for healthcare,https://www.moh.gov.sg/cost-financing/healthcare-schemes-subsidies/pioneer-generation-package,https://chidnast.sirv.com/SchemesSG/MOH.jpg,Healthcare,"Poor, no money to see doctor, healthcare subsidy, can't afford medical fees, free healthcare"
Public Rental Scheme,Housing and Development Board (HDB),"Flats under the Public Rental Scheme are heavily subsidised to cater to Singapore Citizen (SC) households who have no other housing options. As the number of rental flats under this scheme is limited, you must fulfil certain eligibility criteria to apply for a rental flat.","Low income,Need shelter","Shelter,Heavily subsidised housing",https://www.hdb.gov.sg/cs/infoweb/residential/renting-a-flat/renting-from-hdb/public-rental-scheme,https://chidnast.sirv.com/SchemesSG/hdb.jpg,Housing,"No money to pay for housing, shelter, homeless, mortgage"
Safe Return Card,Alzheimers' Disease Association,"The Safe Return Card is an identification card to protect and help persons with dementia. The card provides a source of identification when they are lost, and gives caregivers a sense of security and ease of mind when person with dementia is unaccompanied outside of their home. Registering yourself or the person you are caring for with this service, would aid in giving you the peace of mind that this person can continue living as independently as possible.","Caregivers,Elderly,Dementia patients",Identification tag for persons with dementia,https://alz.org.sg/safe-return-card/,https://chidnast.sirv.com/SchemesSG/ada.jpg,"Elderly,Caregiver","Identify, dementia, alzheimers, elderly"
Seniors' Mobility and Enabling Fund (SMF),"Agency for Integrated Care (AIC), Ministry of Health (MOH)","Provides holistic support for seniors to age in place within the community by extending subsidies to Singaporean seniors requiring mobility and assistive devices for daily independent living and to remain ambulant in the community, and receiving government funded home care and care within the community, needing home healthcare items for their care.",Elderly,"Assistive technology assistance for elderly,Financial assistance for home care",https://www.aic.sg/financial-assistance/seniors-mobility-enabling-fund,https://chidnast.sirv.com/SchemesSG/aic.jpg,"Healthcare,Tech,Transport,Caregiver","Poor, no money to see doctor, healthcare subsidy, can't afford medical fees, healthcare, assistive device, wheelchair"
Silver Housing Bonus,Housing and Development Board (HDB),"If you are selling your current flat or private housing with Annual Value not exceeding $13,000 and buying a 3-room or smaller flat, you can supplement your retirement income through the Silver Housing Bonus (SHB) scheme.Up to $30,000 cash bonus when you top-up your proceeds into your CPF Retirement Account (RA), and join CPF LIFE.",Elderly,Monetising flat for retirement income,https://www.hdb.gov.sg/residential/living-in-an-hdb-flat/for-our-seniors/monetising-your-flat-for-retirement/silver-housing-bonus,https://chidnast.sirv.com/SchemesSG/hdb.jpg,"Housing,Elderly","Retirement, reverse mortgage, old age"
Staggered Downpayment Scheme,Housing and Development Board (HDB),"You may be able to use the Staggered Downpayment Scheme to pay your downpayment in 2 instalments. Half of the downpayment is paid when you sign the Agreement for Lease, which is usually within 4 months of booking a flat. The remaining amount is paid during the key collection for your new flat.",In need of mortgage assistance,Mortgage assistance,https://www.hdb.gov.sg/cs/infoweb/residential/buying-a-flat/new/schemes-and-grants/staggered-downpayment-scheme,https://chidnast.sirv.com/SchemesSG/hdb.jpg,Housing,"Mortgage, cannot afford house, debt"
Subsidies for Government-Funded Intermediate and Long Term Care (ILTC) Services,Ministry of Health (MOH),"Subsidies for those who may be eligible for intermediate and long-term care (ILTC) services, after being discharged from an acute hospital, or needs supervision and assistance to manage daily life","Elderly,Need ILTC services","Financial assistance for ILTC,Financial assistance for healthcare","https://www.moh.gov.sg/cost-financing/healthcare-schemes-subsidies/subsidies-for-government-funded-intermediate-long-term-care-services#:~:text=Term%20Care%20Services-,Subsidies%20for%20Government%2Dfunded%20Intermediate%20Long%2DTerm%20Care%20Services,term%20care%20(ILTC)%20services.",https://chidnast.sirv.com/SchemesSG/MOH.jpg,Healthcare,"Poor, no money to see doctor, chronic, healthcare subsidy, can't afford medical fees, healthcare, assistive device, wheelchair"
Subsidies for Services and Drugs at Public Healthcare Institutions,Ministry of Health (MOH),"The Ministry of Health (MOH) provides subsidies for drugs at our public hospitals, specialist outpatient clinics and polyclinics to ensure that patients have access to effective medications for common medical conditions in Singapore.","General public,Low income",Financial assistance for healthcare,https://www.moh.gov.sg/cost-financing/healthcare-schemes-subsidies/drug-subsidies-schemes,https://chidnast.sirv.com/SchemesSG/MOH.jpg,Healthcare,"Poor, no money to see doctor, chronic, healthcare subsidy, can't afford medical fees, healthcare, assistive device, wheelchair"
Subsidised Haemodialysis and Portable Subsidy Programme,Kidney Dialysis Foundation (KDF),"The subsidised haemodialysis programme at KDF serves needy kidney patients in Singapore, regardless of race or religion. The Portable Subsidy Programme serves to help needy patients who require greater medical attention that KDF is unable to provide in our step-down community care environment. Under the Portable Subsidy Programme, high-dependency dialysis patients can apply for financial assistance from KDF for their dialysis treatment at a private dialysis centre.","Kidney patients,Cancer patients,Stroke patients,Diabetes patients",FInancial assistance for dialysis,https://www.kdf.org.sg/subsidised-haemodialysis,https://chidnast.sirv.com/SchemesSG/KDF.jpg,"Low Income,Healthcare",dialysis
Tabung Amal Aidifitri Trust Fund,Tabung Amal Aidilfitri Trust Fund,"TAA Trust Fund (Tabung Amal Aidilfitri Trust Fund) was founded in 1992 with a mission to help the poor, needy and the less fortunate. Additionally, TAA beneficiaries include patients from low-income families who suffer from chronic diseases and illnesses such as kidney failure, stroke, cancer and diabetes.","Kidney patients,Cancer patients,Stroke patients,Diabetes patients","Financial assistance for healthcare,Financial assistance for cancer,Financial assistance for diabetes,Financial assistance for dialysis",http://www.taa.org.sg/subpage.asp?id=A048_09,https://chidnast.sirv.com/SchemesSG/taa.jpg,"Low Income,Healthcare","diabetes, stroke, high blood sugar, heart disease"
Taxi Subsidy Scheme,SGEnable,"Means-tested subsidy for taxi travel for the purpose of school, work or employment-related training supported by SG Enable",PWDs,Transport subsidy,https://www.sgenable.sg/pages/content.aspx?path=/schemes/transport/taxi-subsidy-scheme/,https://chidnast.sirv.com/SchemesSG/sgenable.jpg,"PWD,Transport","Disabled, travelling, travel, transport, special needs"
Temporary Loan Scheme,Housing and Development Board (HDB),"The Temporary Loan Scheme (TLS) helps flat buyers who intend to use the sale proceeds from their existing flat to pay for their new flat, without taking a long-term mortgage loan.",In need of mortgage assistance,Mortgage assistance,https://www.hdb.gov.sg/residential/living-in-an-hdb-flat/for-our-seniors/temporary-loan-scheme,https://chidnast.sirv.com/SchemesSG/hdb.jpg,Housing,"Mortgage, cannot afford house, debt"
The Straits Times School Pocket Money Fund,The Straits Times School Pocket Money Fund (SPMF),"To alleviate the financial burden faced by parents in providing for their children’s education (school fees, expenses, etc). Funds will also help children who are already facing difficulties in remaining in school to stay on.",Children from low income families,Financial assistance for education,https://www.spmf.org.sg/primary-secondary-students,https://chidnast.sirv.com/SchemesSG/stspmf.jpg,"Low Income,Education","Children, disabled, schoolchildren, need computer for school, need money for recess, no money to buy laptop, computer, schooling supplies"
Transport Subsidy and Assistive Device & Equipment Subsidy,Muscular Dystrophy Association of Singapore (MDAS),Members are provided up to 100% subsidy on a case-by-case basis. Subsidies for the purchase of life-saving medical equipment.,"Special needs children,Critical medical needs",Financial assistance for medical equipment,https://www.mdas.org.sg/service,https://chidnast.sirv.com/SchemesSG/mdas.jpg,"Special Needs,Transport","For muscular dystrophy, special needs, medical equipment, subsidy assistive device, wheelchair"
U Care Hardship Grant,National Trades Union Congress (NTUC),The U Care Hardship Grant provides a one-off assistance to low-income union members in the event that the member suffers hardship arising from accidents,Families who have just lost a breadwinner,Financial assistance,https://www.ntuc.org.sg/wps/portal/up2/home/aboutntuc/ucare/ucareprogrammes/details?WCM_GLOBAL_CONTEXT=/content_library/ntuc/home/areas+of+interest/care+and+share/u+care+programmes/af39420045ffb17db2f6b3f5baad8da0,https://chidnast.sirv.com/SchemesSG/ntuc.jpg,"Loss of Breadwinner,Low Income","Loss of breadwinner, loss of income earner, father die, mother die, father passed away, mother passed away, accident"
Vaccination and Childhood Developmental Screening Subsidies,Ministry of Health (MOH),The Vaccination and Childhood Development Screening Subsidies (VCDSS) enable all eligible Singapore Citizens (SCs) and Permanent Residents (PRs) to receive subsidies for nationally-recommended vaccinations and Childhood Development Screenings (CDS) at polyclinics and/or CHAS GP clinics.,"Chilren,Critical medical needs",Financial assistance for vaccination and screenings,https://www.moh.gov.sg/cost-financing/healthcare-schemes-subsidies/vaccination-and-childhood-developmental-screening-subsidies,https://chidnast.sirv.com/SchemesSG/MOH.jpg,Healthcare,"Poor, no money to see doctor, chronic, healthcare subsidy"
Various Programmes and Services,Rare Disorders Society Singapore (RDSS),"Various financial support schemes for medical intervention, power supply, special formula foods, consumables and other services.",Special needs children,"Financial assistance,Food",https://www.rdss.org.sg/programs-services/,https://chidnast.sirv.com/SchemesSG/rdss.jpg,Healthcare,"Healthcare, rare disease, kids, no money to see doctor, unknown disease"
Various schemes,Loving Heart Multi-Service Centre (Jurong),"Pupil Breakfast Scheme, free tuition, free TCM, screening, food gift and referral","Low income,Low income families","Food,TCM,Educational programmes",https://www.lovingheartj.org/pupil-breakfast-scheme,https://chidnast.sirv.com/SchemesSG/loving-heart-msc-jurong.jpg,"Low Income,Food,Referral,Healthcare","Low income, no money to buy food, have not eaten, hungry"
VWO Transport Subsidy Scheme,SGEnable,"Up to 80% subsidy for transport fees supporting eligible SC/PRs with disabilities who need to use dedicated transport provided by the Social Service Agencies (SSAs) to access the Early Intervention Programme for Infants and Children (EIPIC), Special Education (SPED) schools, Day Activity Centres (DACs), Sheltered Workshops (SWs) and Special Student Care Centres (SSCCs).","Caregivers,PWDs",Transport subsidy for PWDs,https://www.sgenable.sg/pages/content.aspx?path=/schemes/transport/vwo-transport-subsidies/,https://chidnast.sirv.com/SchemesSG/sgenable.jpg,"PWD,Transport","Disabled, travelling, travel, transport, special needs"
Wheelchair Lifter Pilot Scheme,Housing and Development Board (HDB),"Wheelchair lifter at flat with multi-step main entrance, where technically feasible. Under a pilot scheme, we will offer the wheelchair lifter for flats with multi-step entrances if the ramp solutions offered under EASE cannot be installed due to site constraints.",Elderly,Retrofitting of flats to improve mobility for elderly,https://www.hdb.gov.sg/residential/living-in-an-hdb-flat/for-our-seniors/wheelchair-lifter-pilot-scheme,https://chidnast.sirv.com/SchemesSG/hdb.jpg,"Housing,Elderly","Disabled, elderly, home, renovation, retrofitting, accessibility"
Workfare Skills Support (WSS) Scheme,Workforce Singapore (WSG),"WSS encourages low wage workers to undertake training that leads to more impactful employment outcomes. Eligible individuals may receive: Training allowance for selected courses that individuals had paid for themselves, and a cash reward for completing training","Low wage workers,Low income","Employment assistance,Financial assistance for low wage workers",https://www.wsg.gov.sg/programmes-and-initiatives/workfare-skills-support-scheme-individuals.html,https://chidnast.sirv.com/SchemesSG/wsg.jpg,Work,"Low income, upskill, low wage workers,training"
YMCA FACES,Young Men's Christian Association (YMCA),"Short term financial assistance, bridging fund for emergency situations, and employment training for persons with special needs","Low income,Low income families,Special needs","Financial assistance for daily needs,Employment assistance for persons with special needs",https://www.ymca.org.sg/community-services/financial-assistance/ymca-faces/,https://chidnast.sirv.com/SchemesSG/ymca.jpg,"Low Income,Special Needs,Family","Financial assistance, money for daily expenses, household needs, befriending"
Assisi Hospice,Assisi Hospice,"Provides compassionate, personalised and quality Palliative Care to adults and children with life limiting illnesses through Inpatient, Home and Day Care services.","Facing end of life,Elderly,Caregivers",End-of-life care,https://www.assisihospice.org.sg/palliative/#ourcareservices,https://chidnast.sirv.com/SchemesSG/assissi.jpg,"Healthcare,End-of-Life","Hospice, Low Income, Palliative, Dying, Old, Elderly, Sick"
Singapore Hospice Council,Singapore Hospice Council,"An umbrella body representing organisations that actively provide hospice and palliative care in Singapore. Website provides information on organisations providing care, as well as for patients and caregivers seeking such care services.","Facing end of life,Elderly,Caregivers","End of life care,Emotional care",https://singaporehospice.org.sg/,https://chidnast.sirv.com/SchemesSG/shc.jpg,"Healthcare,End of Life","Hospice, Low Income, Palliative, Dying, Old, Elderly, Sick, Caregiver, Dying father, Dying mother"
Babes - A Helping Hand for Pregnant Teens,Babes - A Helping Hand for Pregnant Teens,"Staff will discuss the various options available in order for client to make an informed decision. Provides support and linking with the appropriate resources, depending on what the situation requires.","Teenagers facing pregnancy,Youth-at-risk",Counselling for pregnant teens,https://www.babes.org.sg/we-are-here-for-you/our-services/,https://chidnast.sirv.com/SchemesSG/babes.jpg,Youth-at-Risk,"Teenage Pregnancy, Pregnant, Young Mother, Baby, abortion"
Pregnancy Crisis and Support,Pregnancy Crisis and Support,"For emotional support, guidance, help and referrals that could facilitate a decision, whatever that decision may be.","Teenagers facing pregnancy,Pregnant individuals in distress,Youth-at-risk",Counselling for pregnancy crises,https://www.pregnancycrisis.sg/Home,https://chidnast.sirv.com/SchemesSG/pcs.jpg,Youth-at-Risk,"Teenage Pregnancy, Pregnant, Young Mother, Baby, abortion"
Tinkle Friend,Children-at-Risk Empowerment Association,"Tinkle Friend is a national toll-free helpline (1800 2744 788) and chatline for all primary-school-aged children in Singapore. Tinkle Friend provides support, advice, and information to lonely and distressed children, especially in situations when their parents or main caregivers are unavailable.","In need of mental healthcare,Children","Counselling for distressed children,Emotional care",https://tinklefriend.sg/,https://chidnast.sirv.com/SchemesSG/tinklefriend.jpg,Children,"Children depressed, children sad, bullied kids,primary school young children, alone, lonely, friends"
Star Shelter,Singapore Council of Women's Organisations,"Star Shelter aims to provide a safe temporary refuge for women and their children who are victims of family violence regardless of race, language, creed or religion.","Facing abuse,Need shelter","Shelter,Protection against violence",https://www.scwo.org.sg/what-we-do/services/star-shelter/,https://chidnast.sirv.com/SchemesSG/scwo.jpg,"Homeless,Family Violence","Family violence, abusive spouse, husband hit, wife hit"
Shelter of Displaced Families and Individuals,New Hope Community Services,"Temporary housing for homeless families, while assisting them to regain their footing in the society","Need shelter,Homeless",Shelter,https://www.newhopecs.org.sg/displacedfamiliesandindividuals,https://chidnast.sirv.com/SchemesSG/nhcs.jpg,"Homeless,Family Violence","Homeless, no place to stay, no roof over head, no accommodation"
Transit Point @ Spooner,New Hope Community Services,Temporary housing to ex-offenders.,Ex-offenders,Shelter,https://www.newhopecs.org.sg/transit-point-spooner,https://chidnast.sirv.com/SchemesSG/nhcs.jpg,"Homeless,Ex-offender","Ex offenders, ex convict, ex-convict, homeless, no place to stay, no roof over head, no accommodation"
Transit Point @ Margaret Drive,New Hope Community Services,Immediate safe accommodation for rough sleepers,Need shelter,Shelter,https://www.newhopecs.org.sg/tpmd,https://chidnast.sirv.com/SchemesSG/nhcs.jpg,Homeless,"Homeless, no place to stay, no roof over head, no accommodation"
PAVE Integrated Services for Individual and Family Protection Specialist Centre,PAVE,"PAVE is an integrated service for family violence and child protection. PAVE provides services for persons who abuse, survivors and vulnerable family members such as children and the elderly in dealing with violence.",Facing abuse,Protection against violence,https://www.pave.org.sg/our-services-isifpsc.php,https://chidnast.sirv.com/SchemesSG/pave.jpg,Family Violence,"Family violence, abusive spouse, husband hit, wife hit, hit my kid, protect my child from him"
SAFE Programme (Stop Abuse in Families),Trans Family Services,"TRANS SAFE Centre is a Family Violence Specialist Centre (FVSC). It aims to promote safe relationship in families by providing help to victims of abuse, persons who abuse and their families who are affected by the abuse.",Facing abuse,Shelter,https://www.trans.org.sg/index,https://chidnast.sirv.com/SchemesSG/trans.jpg,Family Violence,"Family violence, abusive spouse, husband hit, wife hit, domestic abuse"
e2i - Employment and Employability Institute,e2i - Employment and Employability Institute,"e2i is the empowering network for workers and employers seeking employment and employability solutions. e2i serves as a bridge between workers and employers, connecting with workers to offer job security through job-matching, career guidance and skills upgrading services, and partnering employers to address their manpower needs through recruitment, training and job redesign solutions.","Unemployed,Retrenched,In need of job",Employment assistance,https://e2i.com.sg/,https://chidnast.sirv.com/SchemesSG/e2i.jpg,Employment,"lost my job, need to find job, got retrenched, cannot find work, skills upgrading"
COVID-19 Relief Measures,DBS,Various support and relief measures for DBS account holders and customers,In debt,Debt assistance,https://www.dbs.com.sg/personal/support-covid-community,https://chidnast.sirv.com/SchemesSG/dbs.jpg,"COVID-19, Debt","COVID, debt, furloughed, retrenched, no job, loan repayment, debt repayment, debt restructuring, home loan, mortage"
COVID-19 Support,OCBC,Various support and relief measures for OCBC account holders and customers,In debt,Debt assistance,https://www.ocbc.com/group/covid19-support/index.html,https://chidnast.sirv.com/SchemesSG/ocbc.jpg,"COVID-19, Debt","COVID, debt, furloughed, retrenched, no job, loan repayment, debt repayment, debt restructuring, home loan, mortage"
COVID-19 Support,UOB,Various support and relief measures for UOB account holders and customers,In debt,Debt assistance,https://www.uobgroup.com/uobgroup/covid-relief-assistance.page,https://chidnast.sirv.com/SchemesSG/uob.jpg,"COVID-19, Debt","COVID, debt, furloughed, retrenched, no job, loan repayment, debt repayment, debt restructuring, home loan, mortage"
Free Food For All,Free Food For All,Free Food For All runs several programmes across a spectrum of communities in Singapore addressing Food Insecurity and Food Waste.,Need food support,Food,https://www.freefood.org.sg/what-we-do,https://chidnast.sirv.com/SchemesSG/fffa.jpg,"Low Income,Food","Have not eaten, hungry"
Willing Hearts,Willing Hearts,"To provide daily meals, food and other support services to the underprivileged, the needy, and other marginalized members in Singapore, and to assist and guide them towards rehabilitating and reinstating themselves as useful members of our society.",Need food support,Food,https://willinghearts.org.sg/,https://chidnast.sirv.com/SchemesSG/willinghearts.jpg,"Low Income,Food","Have not eaten, hungry"
Ulu Pandan Stars,Ulu Pandan PAP Community Foundation (PCF) and Ulu Pandan Citizen Consultative Committee’s (CCC) – Community Development & Welfare Fund Subcommittee (CDWF),The programme collaborates with youth volunteers to benefit children with free tuition and courses from underserved families in Ulu Pandan.?,"Children, Children from low income families",Educational programmes,https://upstars.ulupandan.sg/home/,https://chidnast.sirv.com/SchemesSG/upstars.jpg,"Low Income,Education,Student Care","Free tuition, need tuition, education, no money for school"
Lighting Hearts and Lighting Homes,Lighting Hearts and Lighting Homes,This initiaitve aims to further support beneficiaries in need of financial assistance and raise awareness to improve the beneficiaries life,"Low income,Need food support,Low income families",Financial assistance,https://www.lightingheartslightinghomes.com/about-us/,https://chidnast.sirv.com/SchemesSG/lhlh.jpg,Low Income,"Low Income, financial assistance, money for daily needs, Comcare"
Before and After School Care Subsidy,Singapore Indian Development Association (SINDA),The Before and After School Care Subsidy (BASC) is available to low-income families with children aged 7 – 14 enrolled in non-profit BASC centres. It augments the subsidies provided by Ministry of Social and Family Development (MSF) and Student Care Centres.,"Indian community,Children from low income families,Low income families",Educational programmes,https://www.sinda.org.sg/financial_assistance/basc/,https://chidnast.sirv.com/SchemesSG/sinda.jpg,Low Income,"Indians, Low Income, underprivileged individuals, underprivileged families, financial assistance, Comcare, vulnearable families"
Legal Clinic,Singapore Indian Development Association (SINDA),"The legal clinic offers free legal services to Indian families in need. Lawyers from accredited law firms offer their services on a pro-bono basis, and will explain to clients the relevant legal procedures, legal terms and inform them of the estimated costs they may incur and support systems that they can tap on.",In need of legal aid,Legal services,https://www.sinda.org.sg/financial_assistance/legal-clinic/,https://chidnast.sirv.com/SchemesSG/sinda.jpg,Low Income,"Indians, Low Income, financial assistance, Comcare, vulnearable families"
SINDA Job Care Scheme,Singapore Indian Development Association (SINDA),"SINDA’s Job Care Scheme (SINDA JCS) is to assist Indian residents in performing jobs matching, career search and job applications.","Indian community,Retrenched,Unemployed",Employment assistance,https://www.sinda.org.sg/financial_assistance/sinda-jcs/,https://chidnast.sirv.com/SchemesSG/sinda.jpg,"Low Income, Employment","Indians, Lower Income, Low Income, lost my job, need to find job, got retrenched, cannot find work, skills upgrading"
Pre-School Bursary,Singapore Indian Development Association (SINDA),SINDA’s pre-school bursary helps Indian children from low-income families with costs relating to pre-school education. Children must be aged seven years old and below and must already be receiving additional subsidy from Early Childhood Development Agency (ECDA) before applying for the Bursary. This Bursary is especially helpful to parents who are keen to enroll their children in an ECDA-Registered Childcare Centre.,"Indian community,Children from low income families,Low income families",Financial assistance,https://www.sinda.org.sg/financial_assistance/pre-school-bursary/,https://chidnast.sirv.com/SchemesSG/sinda.jpg,"Education,Childcare","Indians, Lower Income, Low Income, pre-school, nursery, kindergarten, childcare"
SINDA Bursary,Singapore Indian Development Association (SINDA),SINDA Bursary supports low-income and deserving families with education-related financial assistance. We ensure that all families seeking assistance are assessed and eligible families are linked with the respective SINDA’s programmes and schemes.,"Indian community,Children from low income families,Low income families",Financial assistance,https://www.sinda.org.sg/financial_assistance/sinda-bursary/,https://chidnast.sirv.com/SchemesSG/sinda.jpg,Education,"Bursary, school fees, education, poor, children no money to study"
DOT Confidence Curriculum,Daughters of Tomorrow (DOT),"DOT’s Confidence Curriculum (DCC) is a series of workshops consisting of personal discovery, soft skills and communications, coaching and professional development modules designed to help women rediscover their talents and strengths while opening their minds to new and greater possibilities in life.",Women,Educational programmes,https://daughtersoftomorrow.org/get-support/confidence-curriculum/,https://chidnast.sirv.com/SchemesSG/dot.jpg,Education,"Women, empowerment, professional development, communications, growth, skills, development, talent, strengths, possibilities, woman, ladies, mothes, single, work oportunities"
Sexual Assualt Care Centre,Association of Women for Action and Research (AWARE),"The Care Centre provides safe, free and confidential services for anyone who has faced sexual assault and/or sexual harassment, even if it happened years ago. If you need help, or feel unsure about a sexual encounter and just want to talk, please call, WhatsApp, email or visit by appointment.","Facing abuse,Facing harassment,Women","Emotional care,Counselling",https://sacc.aware.org.sg,https://chidnast.sirv.com/SchemesSG/aware.jpg,"Family,Youth-at-Risk,Women","Abuse, Sexual, Sexual Abuse, Sexual Assault, Sexual Violence, trauma, molest, me too"
Divorce Support Group,Association of Women for Action and Research (AWARE),"Learn ways to cope with emotional upheavals, adapt to changes, restructure our lives meaningfully and embrace this new stage of life with hope and positivity.","Undergoing divorce,Women","Emotional care,Counselling",https://www.aware.org.sg/2020/11/support-group-for-women-going-through-divorce-2/,https://chidnast.sirv.com/SchemesSG/aware.jpg,"Family,Youth-at-Risk,Women","Divorce, abuse, marriage, broken, family, single, seperation, marital abuse,"
Information,Association of Women for Action and Research (AWARE),"Information on various issues, including contraception and STI testing, abortion, family violence, divorce, sexual assault, sexual harassment and family violence.","Facing abuse,Undergoing divorce,Women",Information,https://www.aware.org.sg/information/abortion/,https://chidnast.sirv.com/SchemesSG/aware.jpg,"Family,Youth-at-Risk,Women","pregnancy, teenage, teen, underaged, sexually transmitted disease, STI, abortion, miscarriage, baby, child, unwanted, abuse, sexual, contraception, counselling, guilt, procedures, pre-abortion, family violence, divorce, separation, abusive spouse, husband hit, wife hit, domestic abuse"
Counselling Services,Club2Care,"Recognizing potential, rebuilding lives and regaining mental wellness of individuals through CARE",In need of mental healthcare,Counselling,https://www.club2care.com,https://chidnast.sirv.com/SchemesSG/club2care.jpg,Mental Health,"mental health, depression, dementia, emotional, counselling, mental, crazy, mad, low, self esteem, psychiatric, treatment,"
Various services,Goodlife!,"Network for people with dementia and depression, as well as caregivers who need the additional support to care for their loved ones. Provides appropriate mental health care and social support networks through outreach and education. A dedicated team of social workers assess the needs of the elderly and link senior citizens or caregivers to the relevant community resources. Care Closer to Home (CACHE) provides support and guidance for elderly aged 50 years old and above, diagnosed with one or more chronic illnesses. Elderly clients' health conditions are monitored on a regular basis and the clients are taught to manage their medication and wellbeing. Befriending services: regular home visits to seniors and caregivers who need assistance and support.","Elderly in need of mental healthcare,Dementia patients,Caregivers","Emotional care,Counselling,Befriending services",https://www.goodlife.org.sg/,https://chidnast.sirv.com/SchemesSG/goodlife.jpg,"Mental Health,Elderly","healthcare, elderly, dementia, caregivers, befriending, elderly has dementia and needs counselling, chronic health problems elderly, elderly cannot cope with dementia, elderly is alone and depressed, old person depression, father depression, mother depression, isolated senior needs befriending and visit, caregiver cannot cope with caregiving needs"
Various services,Boys' Town,"Home and shelter for at-risk youth, providing alternative schooling, educational programmes, fostering services and other clinical interventions.",Youth-at-risk,"Fostering,Educational programmes,Shelter,Counselling for at-risk-youth",www.boystown.org.sg,https://chidnast.sirv.com/SchemesSG/boystown.jpg,"Youth-at-Risk,Children","youth wayward, child mix with gang, residential home for boys, getting into fights, looking for a foster parent, youth outreach"
Various services,Archdiocesan Commission for the Pastoral Care of Migrants & Itinerant People (ACMI),"Looks after the needs of the migrants in Singapore, breadbasket events at workers’ dormitories, befriender networks across all foreign communities, and by skills development for foreign domestic workers and their spouses",Migrant workers,"Casework,Educaitonal programmes,Food",www.acmi.org.sg,https://chidnast.sirv.com/SchemesSG/acmi.jpg,Migrant Workers,"migrant workers, foreign workers, foreign domestic workers, maid needs help, meals, domestic worker looking to upgrade"
Legal Aid,Legal Aid Bureau,Legal advice; legal assistance to draft a Will or Deed of Separation; legal representation in court proceedings,In need of legal aid,Legal services,https://lab.mlaw.gov.sg/,https://chidnast.sirv.com/SchemesSG/minlaw.jpg,Legal Aid,"legal aid, need help with law, family law, settle issues, litigation, need lawyer to help with estate planning inheritance legacy, employment mediation, tenancy disputes, monetary claims, motor and industrial accident claims"
Rehabilitation Centre and Respite Centre,Abilities Beyond Limitations and Expectations (ABLE),"Provides Occupational Therapy, Physiotherapy and Pilates rehabilitation, with the goal of working towards integrating persons with physical disability back to work and society. Training courses to equip clients with the relevant skills to enhance their employability. Respite for Family Caregivers provides centre and home based respite services to help family caregivers of the physically challenged care recipients. Wheelchair accessible vans to provide transport at reasonable rates","PWD,Elderly,Caregiver","Occupational therapy,Physiotherapy,Educational programmes",https://www.able-sg.org/,https://chidnast.sirv.com/SchemesSG/able.jpg,"PWD,Family,Transport,Healthcare,Mental Health","rehabilitation, occupational therapy, physiotherapy, respite services, wheelchair accessible vans, physical disability, caregiver burden, caregive overloaded, caregiver needs help, physical disabilities return to work, transport for disabled"
CLG Legal Clinic,Catholic Lawyers Guild,"It provides legal assistance for the poor, disadvantaged and sandwiched classes to obtain advice on personal matters such as family issues, estates, employment, personal accidents, tenancy disputes, monetary claims, motor and industrial accident claims, etc.",In need of legal aid,Legal services,https://clgsingapore.com/,https://chidnast.sirv.com/SchemesSG/catholiclawyersguild.jpg,Legal Aid,"legal aid, need help with law, family law, settle issues, litigation, need lawyer to help with estate planning inheritance legacy, employment mediation, tenancy disputes, monetary claims, motor and industrial accident claims"
Various services,Clarity Singapore Limited,"Provides rehabilitation and emotional support for those aged 16 years and above struggling with mental health conditions such as anxiety, depression, stress, arising from bereavement and loss, relationship and other emotional issues to manage their mental health conditions.","Struggling with loss,Need mental healthcare","Counselling,Emotional care",https://www.clarity-singapore.org/web1/,https://chidnast.sirv.com/SchemesSG/clarity.jpg,Mental Health,"counselling, psycho-therapy, mental health"
Various services,Grief Matters,End of life care such as Advance Care Planning (ACP); Psychosocial and spiritual support; Support to caregivers; Grief counselling; Advice on estate planning and funeral arrangements; Link-up to healthcare and community resources; Training and education on care planning and grief literacy,"Struggling with loss,Facing end of life","Counselling,Emotional care,End of life care",https://www.griefmatters.org.sg/services/,https://chidnast.sirv.com/SchemesSG/griefmatters.jpg,End-of-Life,"grief, caregivers, healthcare, estate planning, funeral, going to die soon, need pastoral care, death"
Various services,Marine Parade Family Service Centre,Information relating to social service and referrals to appropriate services; casework and counselling; therapeutic groupwork,Families,"Counselling,Casework",https://www.mpfsc.org.sg/,https://chidnast.sirv.com/SchemesSG/mpfsc.jpg,"Low Income,Family","casework, counselling, family, individual, social service"
Various services,@27 Family Service Centre,Information relating to social service and referrals to appropriate services; casework & counselling; therapeutic groupwork,Families,"Counselling,Casework",https://www.27fsc.org.sg/,https://chidnast.sirv.com/SchemesSG/27fsc.jpg,"Low Income,Family","social service, individuals, families, casework, counselling"
Various services,Big Love Child Protection Specialist Centre,Casework management; child protection; home-based parenting training; building psychological and social resilience for children and young persons; family bonding,Parents,"Casework,Child protection,Educational programmes on parenting",https://www.biglove.org.sg/,https://chidnast.sirv.com/SchemesSG/biglove.jpg,"Children,Family","child protection, abuse, family violence, children, families"
Casework,Serangoon Moral Family Service Centre,"Casework management for those facing financial difficulties, marital and couple issues, parenting and family issues, or have mental health needs","Parents,Families","Casework,Counselling,Referral",https://smfsc.org.sg/casework/,https://chidnast.sirv.com/SchemesSG/smfsc.jpg,"Low Income, Family","casework, counselling, family, individual, social service"
Family services,NuLife Care & Counselling Services,"Casework management and counselling including pre-marital counselling, marriage counselling, couple therapy, single parent support, housing matters, communication & conflict management, mediation",Families,"Casework,Counselling,Referral",https://nulife.com.sg/counselling/,https://chidnast.sirv.com/SchemesSG/nulife.jpg,Family,"casework, counselling, family, individual, social service, going through a divorce, need someone to talk to"
Elderly services,NuLife Care & Counselling Services,"Suicide intervention, befriender services, handling elderly abuse, equipment for empowered living, tribunal for maintenance of parents, marriage enrichment counselling, grief and loss counselling, palliative and end-of-life care and support, depression, dementia.",Elderly,"Casework,Counselling,Referral",https://nulife.com.sg/counselling/,https://chidnast.sirv.com/SchemesSG/nulife.jpg,"Elderly,Mental Health,End-of-Life","healthcare, elderly, dementia, caregivers, befriending, elderly has dementia and needs counselling, chronic health problems elderly, elderly cannot cope with dementia, elderly is alone and depressed, old person depression, father depression, mother depression, isolated senior needs befriending and visit, son has conflict with father, children are abusive to parents"
Children and youth services,NuLife Care & Counselling Services,"Children and youth services, particularly for at-risk youth and children. Includes suicide intervention, parent child mediation, handling beyond parental control, youth at risk services, befriender projects, workshops for probationers, services for children with special needs, and financial support for school pocket money and supplies.","Children,Youth-at-risk,Youth on probation","Casework,Befriender services,Educational programmes for youth at-risk",https://nulife.com.sg/counselling/,https://chidnast.sirv.com/SchemesSG/nulife.jpg,"Children,Youth-at-Risk,Mental Health","Child is rebellous, child hit parent, youth bullying, youth, teenager, teenage angst, hard to control teenage child"
Services for individials,NuLife Care & Counselling Services,"Suicide intervention, emotional support, mid-career counselling, assessment of self-harm, depression, addiction counselling, gender identity issues, abusive relationships",In need of mental healthcare,"Casework,Befriender services,Emotional care,Counselling",https://nulife.com.sg/counselling/,https://chidnast.sirv.com/SchemesSG/nulife.jpg,Mental Health,"counselling, psycho-therapy, mental health, suicidal thoughts"
Legal Counselling,NuLife Care & Counselling Services,"Mediation and negotiation, deed of separation, application of personal protection order, divorce and ancillary legal matgters, magistrate comnplaint, legal aid referral, small claim tribunal matters, maintenance, custody matters",In need of legal aid,Legal services,https://nulife.com.sg/counselling/,https://chidnast.sirv.com/SchemesSG/nulife.jpg,Legal Aid,"Divorce, PPO, public protection order, legal, law"
COVID-19 Assistance,NuLife Care & Counselling Services,Information on various financial assistance schemes to help relieve the impact of COVID-19. Food assistance for those who require help in preparing cooked meals.,"Elderly,Families,Low income","Referral,Food",https://nulife.com.sg/covid-our-efforts/,https://chidnast.sirv.com/SchemesSG/nulife.jpg,"COVID-19,Food","COVID, debt, pandemic, poor, hungry, nothing to eat, have not eaten, no food, need food"
Emergency Fund,ONE Singapore,"Disburses money to assist low-income individuals and families in Singapore who urgently need help. The fund was established to help individuals who need assistance, but cannot find it elsewhere, or cannot obtain it in time.",Low income,Financial assistance,http://onesingapore.org/take-action/emergency-fund/,https://chidnast.sirv.com/SchemesSG/onesingapore.jpg,Low Income,"Financial assistance, money for daily expenses, household needs, cash for daily needs, urgent assistance, Comcare"
